<metadata xml:lang="es"><Esri><CreaDate>20231114</CreaDate><CreaTime>07580700</CreaTime><ArcGISFormat>1.0</ArcGISFormat><SyncOnce>FALSE</SyncOnce><DataProperties><lineage><Process ToolSource="c:\program files\arcgis\pro\Resources\ArcToolbox\toolboxes\Data Management Tools.tbx\CreateFeatureclass" Date="20230903" Time="183850">CreateFeatureclass C:\Users\dgalv\OneDrive\Diego\Documents\ArcGIS\Projects\MyProject\MyProject.gdb DATA_XYTableToPoint Point 'C:\Users\dgalv\Dropbox\FONDECYT REGULAR 2023\7-Obj Esp 1\DATA_Denuncias_Municipalidades_v2.xls\DATA$' No No "GEOGCS["GCS_WGS_1984",DATUM["D_WGS_1984",SPHEROID["WGS_1984",6378137.0,298.257223563]],PRIMEM["Greenwich",0.0],UNIT["Degree",0.0174532925199433]];-400 -400 1000000000;-100000 10000;-100000 10000;8.98315284119521E-09;0.001;0.001;IsHighPrecision" # 0 0 0 #</Process><Process ToolSource="c:\program files\arcgis\pro\Resources\ArcToolbox\toolboxes\Data Management Tools.tbx\XYTableToPoint" Date="20230903" Time="183853">XYTableToPoint "C:\Users\dgalv\Dropbox\FONDECYT REGULAR 2023\7-Obj Esp 1\DATA_Denuncias_Municipalidades_v2.xls\DATA$" C:\Users\dgalv\OneDrive\Diego\Documents\ArcGIS\Projects\MyProject\MyProject.gdb\DATA_XYTableToPoint LONGITUD LATITUD # "GEOGCS["GCS_WGS_1984",DATUM["D_WGS_1984",SPHEROID["WGS_1984",6378137.0,298.257223563]],PRIMEM["Greenwich",0.0],UNIT["Degree",0.0174532925199433]];-400 -400 1000000000;-100000 10000;-100000 10000;8.98315284119521E-09;0.001;0.001;IsHighPrecision"</Process><Process ToolSource="c:\program files\arcgis\pro\Resources\ArcToolbox\toolboxes\Conversion Tools.tbx\ExportFeatures" Date="20230903" Time="184220">ExportFeatures DATA_XYTableToPoint "C:\Users\dgalv\Dropbox\FONDECYT REGULAR 2023\8-SIG\Shapefiles\Denuncias\Denuncias_ref_completa.shp" # NOT_USE_ALIAS "ID "ID" true true false 255 Text 0 0,First,#,DATA_XYTableToPoint,ID,0,255;COMUNA "COMUNA" true true false 255 Text 0 0,First,#,DATA_XYTableToPoint,COMUNA,0,255;DÍA "DÍA" true true false 255 Text 0 0,First,#,DATA_XYTableToPoint,DÍA,0,255;MES "MES" true true false 255 Text 0 0,First,#,DATA_XYTableToPoint,MES,0,255;AÑO "AÑO" true true false 8 Double 0 0,First,#,DATA_XYTableToPoint,AÑO,-1,-1;DENUNCIA_1 "DENUNCIA 1" true true false 255 Text 0 0,First,#,DATA_XYTableToPoint,DENUNCIA_1,0,255;DENUNCIA_2 "DENUNCIA 2" true true false 255 Text 0 0,First,#,DATA_XYTableToPoint,DENUNCIA_2,0,255;DESCRIPCION "DESCRIPCION" true true false 255 Text 0 0,First,#,DATA_XYTableToPoint,DESCRIPCION,0,255;REF_DIR "REF_DIR" true true false 255 Text 0 0,First,#,DATA_XYTableToPoint,REF_DIR,0,255;REF_COMPLETA "REF_COMPLETA" true true false 255 Text 0 0,First,#,DATA_XYTableToPoint,REF_COMPLETA,0,255;REF_UV "REF_UV" true true false 255 Text 0 0,First,#,DATA_XYTableToPoint,REF_UV,0,255;REF_LOC "REF_LOC" true true false 255 Text 0 0,First,#,DATA_XYTableToPoint,REF_LOC,0,255;REF_CUAD "REF_CUAD" true true false 255 Text 0 0,First,#,DATA_XYTableToPoint,REF_CUAD,0,255;X "X" true true false 255 Text 0 0,First,#,DATA_XYTableToPoint,X,0,255;Y "Y" true true false 255 Text 0 0,First,#,DATA_XYTableToPoint,Y,0,255;LATITUD "LATITUD" true true false 8 Double 0 0,First,#,DATA_XYTableToPoint,LATITUD,-1,-1;LONGITUD "LONGITUD" true true false 8 Double 0 0,First,#,DATA_XYTableToPoint,LONGITUD,-1,-1;FORMAT "FORMAT" true true false 255 Text 0 0,First,#,DATA_XYTableToPoint,FORMAT,0,255" #</Process><Process ToolSource="c:\program files\arcgis\pro\Resources\ArcToolbox\toolboxes\Conversion Tools.tbx\ExportFeatures" Date="20230903" Time="185125">ExportFeatures Denuncias_ref_completa "C:\Users\dgalv\Dropbox\FONDECYT REGULAR 2023\8-SIG\Shapefiles\Denuncias\Denuncias_Municipalidades.shp" # NOT_USE_ALIAS "ID "ID" true true false 254 Text 0 0,First,#,Denuncias_ref_completa,ID,0,254;COMUNA "COMUNA" true true false 254 Text 0 0,First,#,Denuncias_ref_completa,COMUNA,0,254;DÍA "DÍA" true true false 254 Text 0 0,First,#,Denuncias_ref_completa,DÍA,0,254;MES "MES" true true false 254 Text 0 0,First,#,Denuncias_ref_completa,MES,0,254;AÑO "AÑO" true true false 19 Double 0 0,First,#,Denuncias_ref_completa,AÑO,-1,-1;DENUNCIA_1 "DENUNCIA_1" true true false 254 Text 0 0,First,#,Denuncias_ref_completa,DENUNCIA_1,0,254;DENUNCIA_2 "DENUNCIA_2" true true false 254 Text 0 0,First,#,Denuncias_ref_completa,DENUNCIA_2,0,254;DESCRIPCIO "DESCRIPCIO" true true false 254 Text 0 0,First,#,Denuncias_ref_completa,DESCRIPCIO,0,254;REF_DIR "REF_DIR" true true false 254 Text 0 0,First,#,Denuncias_ref_completa,REF_DIR,0,254;REF_COMPLE "REF_COMPLE" true true false 254 Text 0 0,First,#,Denuncias_ref_completa,REF_COMPLE,0,254;REF_UV "REF_UV" true true false 254 Text 0 0,First,#,Denuncias_ref_completa,REF_UV,0,254;REF_LOC "REF_LOC" true true false 254 Text 0 0,First,#,Denuncias_ref_completa,REF_LOC,0,254;REF_CUAD "REF_CUAD" true true false 254 Text 0 0,First,#,Denuncias_ref_completa,REF_CUAD,0,254;X "X" true true false 254 Text 0 0,First,#,Denuncias_ref_completa,X,0,254;Y "Y" true true false 254 Text 0 0,First,#,Denuncias_ref_completa,Y,0,254;LATITUD "LATITUD" true true false 19 Double 0 0,First,#,Denuncias_ref_completa,LATITUD,-1,-1;LONGITUD "LONGITUD" true true false 19 Double 0 0,First,#,Denuncias_ref_completa,LONGITUD,-1,-1;FORMAT "FORMAT" true true false 254 Text 0 0,First,#,Denuncias_ref_completa,FORMAT,0,254" #</Process><Process ToolSource="c:\program files\arcgis\pro\Resources\ArcToolbox\toolboxes\Data Management Tools.tbx\Merge" Date="20230903" Time="185452">Merge Denuncias_Municipalidades;Denuncias_LOPRADO C:\Users\dgalv\OneDrive\Diego\Documents\ArcGIS\Projects\MyProject\MyProject.gdb\Denuncias_Municipalida_Merge "ID "ID" true true false 254 Text 0 0,First,#,Denuncias_Municipalidades,ID,0,254,Denuncias_LOPRADO,Id,-1,-1;COMUNA "COMUNA" true true false 254 Text 0 0,Join,#,Denuncias_Municipalidades,COMUNA,0,254,Denuncias_LOPRADO,COMUNA,0,254;DÍA "DÍA" true true false 254 Text 0 0,First,#,Denuncias_Municipalidades,DÍA,0,254;MES "MES" true true false 254 Text 0 0,First,#,Denuncias_Municipalidades,MES,0,254;AÑO "AÑO" true true false 19 Double 0 0,First,#,Denuncias_Municipalidades,AÑO,-1,-1;DENUNCIA_1 "DENUNCIA_1" true true false 254 Text 0 0,Join,#,Denuncias_Municipalidades,DENUNCIA_1,0,254,Denuncias_LOPRADO,DENUNCIA_1,0,254;DENUNCIA_2 "DENUNCIA_2" true true false 254 Text 0 0,First,#,Denuncias_Municipalidades,DENUNCIA_2,0,254;DESCRIPCIO "DESCRIPCIO" true true false 254 Text 0 0,First,#,Denuncias_Municipalidades,DESCRIPCIO,0,254;REF_DIR "REF_DIR" true true false 254 Text 0 0,First,#,Denuncias_Municipalidades,REF_DIR,0,254;REF_COMPLE "REF_COMPLE" true true false 254 Text 0 0,First,#,Denuncias_Municipalidades,REF_COMPLE,0,254;REF_UV "REF_UV" true true false 254 Text 0 0,First,#,Denuncias_Municipalidades,REF_UV,0,254;REF_LOC "REF_LOC" true true false 254 Text 0 0,First,#,Denuncias_Municipalidades,REF_LOC,0,254;REF_CUAD "REF_CUAD" true true false 254 Text 0 0,First,#,Denuncias_Municipalidades,REF_CUAD,0,254;X "X" true true false 254 Text 0 0,First,#,Denuncias_Municipalidades,X,0,254;Y "Y" true true false 254 Text 0 0,First,#,Denuncias_Municipalidades,Y,0,254;LATITUD "LATITUD" true true false 19 Double 0 0,First,#,Denuncias_Municipalidades,LATITUD,-1,-1;LONGITUD "LONGITUD" true true false 19 Double 0 0,First,#,Denuncias_Municipalidades,LONGITUD,-1,-1;FORMAT "FORMAT" true true false 254 Text 0 0,First,#,Denuncias_Municipalidades,FORMAT,0,254;DENUNCIA "DENUNCIA" true true false 254 Text 0 0,First,#,Denuncias_LOPRADO,DENUNCIA,0,254" NO_SOURCE_INFO</Process><Process ToolSource="c:\program files\arcgis\pro\Resources\ArcToolbox\toolboxes\Data Management Tools.tbx\CalculateField" Date="20230903" Time="185557">CalculateField Denuncias_Municipalida_Merge DENUNCIA_2 !DENUNCIA_1! "Python 3" # Text NO_ENFORCE_DOMAINS</Process><Process ToolSource="c:\program files\arcgis\pro\Resources\ArcToolbox\toolboxes\Conversion Tools.tbx\ExportFeatures" Date="20230903" Time="185859">ExportFeatures Denuncias_Municipalida_Merge "C:\Users\dgalv\Dropbox\FONDECYT REGULAR 2023\8-SIG\Shapefiles\Denuncias\DENUNCIAS_MUNI_RUIDOS.shp" # NOT_USE_ALIAS "ID "ID" true true false 254 Text 0 0,First,#,Denuncias_Municipalida_Merge,ID,0,254;COMUNA "COMUNA" true true false 254 Text 0 0,First,#,Denuncias_Municipalida_Merge,COMUNA,0,254;DÍA "DÍA" true true false 254 Text 0 0,First,#,Denuncias_Municipalida_Merge,DÍA,0,254;MES "MES" true true false 254 Text 0 0,First,#,Denuncias_Municipalida_Merge,MES,0,254;AÑO "AÑO" true true false 8 Double 0 0,First,#,Denuncias_Municipalida_Merge,AÑO,-1,-1;DENUNCIA_1 "DENUNCIA_1" true true false 254 Text 0 0,First,#,Denuncias_Municipalida_Merge,DENUNCIA_1,0,254;DENUNCIA_2 "DENUNCIA_2" true true false 254 Text 0 0,First,#,Denuncias_Municipalida_Merge,DENUNCIA_2,0,254;DESCRIPCIO "DESCRIPCIO" true true false 254 Text 0 0,First,#,Denuncias_Municipalida_Merge,DESCRIPCIO,0,254;REF_DIR "REF_DIR" true true false 254 Text 0 0,First,#,Denuncias_Municipalida_Merge,REF_DIR,0,254;REF_COMPLE "REF_COMPLE" true true false 254 Text 0 0,First,#,Denuncias_Municipalida_Merge,REF_COMPLE,0,254;REF_UV "REF_UV" true true false 254 Text 0 0,First,#,Denuncias_Municipalida_Merge,REF_UV,0,254;REF_LOC "REF_LOC" true true false 254 Text 0 0,First,#,Denuncias_Municipalida_Merge,REF_LOC,0,254;REF_CUAD "REF_CUAD" true true false 254 Text 0 0,First,#,Denuncias_Municipalida_Merge,REF_CUAD,0,254;X "X" true true false 254 Text 0 0,First,#,Denuncias_Municipalida_Merge,X,0,254;Y "Y" true true false 254 Text 0 0,First,#,Denuncias_Municipalida_Merge,Y,0,254;LATITUD "LATITUD" true true false 8 Double 0 0,First,#,Denuncias_Municipalida_Merge,LATITUD,-1,-1;LONGITUD "LONGITUD" true true false 8 Double 0 0,First,#,Denuncias_Municipalida_Merge,LONGITUD,-1,-1;FORMAT "FORMAT" true true false 254 Text 0 0,First,#,Denuncias_Municipalida_Merge,FORMAT,0,254;DENUNCIA "DENUNCIA" true true false 254 Text 0 0,First,#,Denuncias_Municipalida_Merge,DENUNCIA,0,254" #</Process><Process ToolSource="c:\program files\arcgis\pro\Resources\ArcToolbox\toolboxes\Data Management Tools.tbx\Project" Date="20230903" Time="191128">Project DENUNCIAS_MUNI_RUIDOS "C:\Users\dgalv\Dropbox\FONDECYT REGULAR 2023\8-SIG\Shapefiles\Denuncias\DENUNCIAS_MUNI_RUIDOS_UTM" PROJCS["WGS_1984_UTM_Zone_19S",GEOGCS["GCS_WGS_1984",DATUM["D_WGS_1984",SPHEROID["WGS_1984",6378137.0,298.257223563]],PRIMEM["Greenwich",0.0],UNIT["Degree",0.0174532925199433]],PROJECTION["Transverse_Mercator"],PARAMETER["False_Easting",500000.0],PARAMETER["False_Northing",10000000.0],PARAMETER["Central_Meridian",-69.0],PARAMETER["Scale_Factor",0.9996],PARAMETER["Latitude_Of_Origin",0.0],UNIT["Meter",1.0]] # GEOGCS["GCS_WGS_1984",DATUM["D_WGS_1984",SPHEROID["WGS_1984",6378137.0,298.257223563]],PRIMEM["Greenwich",0.0],UNIT["Degree",0.0174532925199433]] NO_PRESERVE_SHAPE # NO_VERTICAL</Process><Process ToolSource="c:\program files\arcgis\pro\Resources\ArcToolbox\toolboxes\Data Management Tools.tbx\Merge" Date="20230907" Time="220204">Merge DENUNCIAS_MUNI_RUIDOS_UTM;Denuncias_Provi_UTM C:\Users\dgalv\OneDrive\Diego\Documents\ArcGIS\Projects\MyProject\MyProject.gdb\DENUNCIAS_MUNI_RUIDOS__Merge "ID "ID" true true false 254 Text 0 0,First,#,DENUNCIAS_MUNI_RUIDOS_UTM,ID,0,254,Denuncias_Provi_UTM,ID,-1,-1;COMUNA "COMUNA" true true false 254 Text 0 0,First,#,DENUNCIAS_MUNI_RUIDOS_UTM,COMUNA,0,254,Denuncias_Provi_UTM,COMUNA,0,255;DÍA "DÍA" true true false 254 Text 0 0,First,#,DENUNCIAS_MUNI_RUIDOS_UTM,DÍA,0,254,Denuncias_Provi_UTM,DÍA,0,255;MES "MES" true true false 254 Text 0 0,First,#,DENUNCIAS_MUNI_RUIDOS_UTM,MES,0,254,Denuncias_Provi_UTM,MES,-1,-1;AÑO "AÑO" true true false 19 Double 0 0,First,#,DENUNCIAS_MUNI_RUIDOS_UTM,AÑO,-1,-1,Denuncias_Provi_UTM,AÑO,-1,-1;DENUNCIA_1 "DENUNCIA_1" true true false 254 Text 0 0,First,#,DENUNCIAS_MUNI_RUIDOS_UTM,DENUNCIA_1,0,254,Denuncias_Provi_UTM,DENUNCIA_1,0,255;DENUNCIA_2 "DENUNCIA_2" true true false 254 Text 0 0,First,#,DENUNCIAS_MUNI_RUIDOS_UTM,DENUNCIA_2,0,254,Denuncias_Provi_UTM,DENUNCIA_2,0,255;DESCRIPCIO "DESCRIPCIO" true true false 254 Text 0 0,First,#,DENUNCIAS_MUNI_RUIDOS_UTM,DESCRIPCIO,0,254;REF_DIR "REF_DIR" true true false 254 Text 0 0,First,#,DENUNCIAS_MUNI_RUIDOS_UTM,REF_DIR,0,254,Denuncias_Provi_UTM,REF_DIR,0,255;REF_COMPLE "REF_COMPLE" true true false 254 Text 0 0,First,#,DENUNCIAS_MUNI_RUIDOS_UTM,REF_COMPLE,0,254;REF_UV "REF_UV" true true false 254 Text 0 0,First,#,DENUNCIAS_MUNI_RUIDOS_UTM,REF_UV,0,254,Denuncias_Provi_UTM,REF_UV,0,255;REF_LOC "REF_LOC" true true false 254 Text 0 0,First,#,DENUNCIAS_MUNI_RUIDOS_UTM,REF_LOC,0,254,Denuncias_Provi_UTM,REF_LOC,0,255;REF_CUAD "REF_CUAD" true true false 254 Text 0 0,First,#,DENUNCIAS_MUNI_RUIDOS_UTM,REF_CUAD,0,254,Denuncias_Provi_UTM,REF_CUAD,0,255;X "X" true true false 254 Text 0 0,First,#,DENUNCIAS_MUNI_RUIDOS_UTM,X,0,254,Denuncias_Provi_UTM,X,0,255;Y "Y" true true false 254 Text 0 0,First,#,DENUNCIAS_MUNI_RUIDOS_UTM,Y,0,254,Denuncias_Provi_UTM,Y,0,255;LATITUD "LATITUD" true true false 19 Double 0 0,First,#,DENUNCIAS_MUNI_RUIDOS_UTM,LATITUD,-1,-1,Denuncias_Provi_UTM,LATITUD,-1,-1;LONGITUD "LONGITUD" true true false 19 Double 0 0,First,#,DENUNCIAS_MUNI_RUIDOS_UTM,LONGITUD,-1,-1,Denuncias_Provi_UTM,LONGITUD,-1,-1;FORMAT "FORMAT" true true false 254 Text 0 0,First,#,DENUNCIAS_MUNI_RUIDOS_UTM,FORMAT,0,254,Denuncias_Provi_UTM,FORMAT,0,255;DENUNCIA "DENUNCIA" true true false 254 Text 0 0,First,#,DENUNCIAS_MUNI_RUIDOS_UTM,DENUNCIA,0,254;DESCRIPCION "DESCRIPCION" true true false 255 Text 0 0,First,#,Denuncias_Provi_UTM,DESCRIPCION,0,255;REF_COMPLETA "REF_COMPLETA" true true false 255 Text 0 0,First,#,Denuncias_Provi_UTM,REF_COMPLETA,0,255" NO_SOURCE_INFO</Process><Process ToolSource="c:\program files\arcgis\pro\Resources\ArcToolbox\toolboxes\Conversion Tools.tbx\ExportFeatures" Date="20230907" Time="220240">ExportFeatures DENUNCIAS_MUNI_RUIDOS__Merge "C:\Users\dgalv\Dropbox\FONDECYT REGULAR 2023\8-SIG\Shapefiles\Denuncias\DENUNCIAS_MUNI_RUIDOS_UTM_v2.shp" # NOT_USE_ALIAS "ID "ID" true true false 254 Text 0 0,First,#,DENUNCIAS_MUNI_RUIDOS__Merge,ID,0,254;COMUNA "COMUNA" true true false 254 Text 0 0,First,#,DENUNCIAS_MUNI_RUIDOS__Merge,COMUNA,0,254;DÍA "DÍA" true true false 254 Text 0 0,First,#,DENUNCIAS_MUNI_RUIDOS__Merge,DÍA,0,254;MES "MES" true true false 254 Text 0 0,First,#,DENUNCIAS_MUNI_RUIDOS__Merge,MES,0,254;AÑO "AÑO" true true false 8 Double 0 0,First,#,DENUNCIAS_MUNI_RUIDOS__Merge,AÑO,-1,-1;DENUNCIA_1 "DENUNCIA_1" true true false 254 Text 0 0,First,#,DENUNCIAS_MUNI_RUIDOS__Merge,DENUNCIA_1,0,254;DENUNCIA_2 "DENUNCIA_2" true true false 254 Text 0 0,First,#,DENUNCIAS_MUNI_RUIDOS__Merge,DENUNCIA_2,0,254;DESCRIPCIO "DESCRIPCIO" true true false 254 Text 0 0,First,#,DENUNCIAS_MUNI_RUIDOS__Merge,DESCRIPCIO,0,254;REF_DIR "REF_DIR" true true false 254 Text 0 0,First,#,DENUNCIAS_MUNI_RUIDOS__Merge,REF_DIR,0,254;REF_COMPLE "REF_COMPLE" true true false 254 Text 0 0,First,#,DENUNCIAS_MUNI_RUIDOS__Merge,REF_COMPLE,0,254;REF_UV "REF_UV" true true false 254 Text 0 0,First,#,DENUNCIAS_MUNI_RUIDOS__Merge,REF_UV,0,254;REF_LOC "REF_LOC" true true false 254 Text 0 0,First,#,DENUNCIAS_MUNI_RUIDOS__Merge,REF_LOC,0,254;REF_CUAD "REF_CUAD" true true false 254 Text 0 0,First,#,DENUNCIAS_MUNI_RUIDOS__Merge,REF_CUAD,0,254;X "X" true true false 254 Text 0 0,First,#,DENUNCIAS_MUNI_RUIDOS__Merge,X,0,254;Y "Y" true true false 254 Text 0 0,First,#,DENUNCIAS_MUNI_RUIDOS__Merge,Y,0,254;LATITUD "LATITUD" true true false 8 Double 0 0,First,#,DENUNCIAS_MUNI_RUIDOS__Merge,LATITUD,-1,-1;LONGITUD "LONGITUD" true true false 8 Double 0 0,First,#,DENUNCIAS_MUNI_RUIDOS__Merge,LONGITUD,-1,-1;FORMAT "FORMAT" true true false 254 Text 0 0,First,#,DENUNCIAS_MUNI_RUIDOS__Merge,FORMAT,0,254;DENUNCIA "DENUNCIA" true true false 254 Text 0 0,First,#,DENUNCIAS_MUNI_RUIDOS__Merge,DENUNCIA,0,254;DESCRIPCION "DESCRIPCION" true true false 255 Text 0 0,First,#,DENUNCIAS_MUNI_RUIDOS__Merge,DESCRIPCION,0,255;REF_COMPLETA "REF_COMPLETA" true true false 255 Text 0 0,First,#,DENUNCIAS_MUNI_RUIDOS__Merge,REF_COMPLETA,0,255" #</Process><Process ToolSource="c:\program files\arcgis\pro\Resources\ArcToolbox\toolboxes\Data Management Tools.tbx\Rename" Date="20230930" Time="122456">Rename "C:\Users\dgalv\Dropbox\FONDECYT REGULAR 2023\8-SIG\Shapefiles\Denuncias\DENUNCIAS_MUNI_RUIDOS_UTM_v2.shp" "C:\Users\dgalv\Dropbox\FONDECYT REGULAR 2023\8-SIG\Shapefiles\Denuncias\DENUNCIAS_MUNI_RUIDOS.shp" ShapeFile</Process><Process ToolSource="c:\program files\arcgis\pro\Resources\ArcToolbox\toolboxes\Data Management Tools.tbx\Merge" Date="20231114" Time="070014">Merge DENUNCIAS_MUNI_RUIDOS;LA_FLORIDA "C:\Users\dgalv\Dropbox\FONDECYT REGULAR 2023\8-SIG\Shapefiles\Denuncias\DENUNCIAS_MUNI_RUIDOS_v2.shp" "ID "ID" true true false 254 Text 0 0,Join,#,DENUNCIAS_MUNI_RUIDOS,ID,0,254,LA_FLORIDA,ID,0,254;COMUNA "COMUNA" true true false 254 Text 0 0,First,#,DENUNCIAS_MUNI_RUIDOS,COMUNA,0,254,LA_FLORIDA,COMUNA,0,254;DÍA "DÍA" true true false 254 Text 0 0,First,#,DENUNCIAS_MUNI_RUIDOS,DÍA,0,254,LA_FLORIDA,DÍA,0,254;MES "MES" true true false 254 Text 0 0,First,#,DENUNCIAS_MUNI_RUIDOS,MES,0,254,LA_FLORIDA,MES,0,254;AÑO "AÑO" true true false 19 Double 0 0,First,#,DENUNCIAS_MUNI_RUIDOS,AÑO,-1,-1,LA_FLORIDA,AÑO,-1,-1;DENUNCIA_1 "DENUNCIA_1" true true false 254 Text 0 0,First,#,DENUNCIAS_MUNI_RUIDOS,DENUNCIA_1,0,254,LA_FLORIDA,DENUNCIA_1,0,254;DENUNCIA_2 "DENUNCIA_2" true true false 254 Text 0 0,First,#,DENUNCIAS_MUNI_RUIDOS,DENUNCIA_2,0,254,LA_FLORIDA,DENUNCIA_2,0,254;DESCRIPCIO "DESCRIPCIO" true true false 254 Text 0 0,First,#,DENUNCIAS_MUNI_RUIDOS,DESCRIPCIO,0,254,LA_FLORIDA,DESCRIPCIO,0,254;REF_DIR "REF_DIR" true true false 254 Text 0 0,First,#,DENUNCIAS_MUNI_RUIDOS,REF_DIR,0,254,LA_FLORIDA,REF_DIR,0,254;REF_COMPLE "REF_COMPLE" true true false 254 Text 0 0,First,#,DENUNCIAS_MUNI_RUIDOS,REF_COMPLE,0,254,LA_FLORIDA,REF_COMPLE,0,254;REF_UV "REF_UV" true true false 254 Text 0 0,First,#,DENUNCIAS_MUNI_RUIDOS,REF_UV,0,254,LA_FLORIDA,REF_UV,0,254;REF_LOC "REF_LOC" true true false 254 Text 0 0,First,#,DENUNCIAS_MUNI_RUIDOS,REF_LOC,0,254,LA_FLORIDA,REF_LOC,0,254;REF_CUAD "REF_CUAD" true true false 254 Text 0 0,First,#,DENUNCIAS_MUNI_RUIDOS,REF_CUAD,0,254,LA_FLORIDA,REF_CUAD,0,254;X "X" true true false 254 Text 0 0,First,#,DENUNCIAS_MUNI_RUIDOS,X,0,254,LA_FLORIDA,X,0,254;Y "Y" true true false 254 Text 0 0,First,#,DENUNCIAS_MUNI_RUIDOS,Y,0,254,LA_FLORIDA,Y,0,254;LATITUD "LATITUD" true true false 19 Double 0 0,First,#,DENUNCIAS_MUNI_RUIDOS,LATITUD,-1,-1,LA_FLORIDA,LATITUD,-1,-1;LONGITUD "LONGITUD" true true false 19 Double 0 0,First,#,DENUNCIAS_MUNI_RUIDOS,LONGITUD,-1,-1,LA_FLORIDA,LONGITUD,-1,-1;FORMAT "FORMAT" true true false 254 Text 0 0,First,#,DENUNCIAS_MUNI_RUIDOS,FORMAT,0,254,LA_FLORIDA,FORMAT,0,254;DENUNCIA "DENUNCIA" true true false 254 Text 0 0,First,#,DENUNCIAS_MUNI_RUIDOS,DENUNCIA,0,254;DESCRIPC_1 "DESCRIPC_1" true true false 254 Text 0 0,First,#,DENUNCIAS_MUNI_RUIDOS,DESCRIPC_1,0,254;REF_COMP_1 "REF_COMP_1" true true false 254 Text 0 0,First,#,DENUNCIAS_MUNI_RUIDOS,REF_COMP_1,0,254" NO_SOURCE_INFO</Process><Process ToolSource="c:\program files\arcgis\pro\Resources\ArcToolbox\toolboxes\Data Management Tools.tbx\Merge" Date="20231114" Time="074705">Merge DENUNCIAS_MUNI_RUIDOS_v2;Hoja1_XYTableToPoint C:\Users\dgalv\OneDrive\Diego\Documents\ArcGIS\Projects\MyProject\MyProject.gdb\DENUNCIAS_MUNI_RUIDOS__Merge "ID "ID" true true false 254 Text 0 0,Join,#,DENUNCIAS_MUNI_RUIDOS_v2,ID,0,254,Hoja1_XYTableToPoint,ID,0,255;COMUNA "COMUNA" true true false 254 Text 0 0,First,#,DENUNCIAS_MUNI_RUIDOS_v2,COMUNA,0,254,Hoja1_XYTableToPoint,COMUNA,0,255;DÍA "DÍA" true true false 254 Text 0 0,First,#,DENUNCIAS_MUNI_RUIDOS_v2,DÍA,0,254,Hoja1_XYTableToPoint,DÍA,0,255;MES "MES" true true false 254 Text 0 0,First,#,DENUNCIAS_MUNI_RUIDOS_v2,MES,0,254,Hoja1_XYTableToPoint,MES,0,255;AÑO "AÑO" true true false 19 Double 0 0,First,#,DENUNCIAS_MUNI_RUIDOS_v2,AÑO,-1,-1,Hoja1_XYTableToPoint,AÑO,0,255;DENUNCIA_1 "DENUNCIA_1" true true false 254 Text 0 0,First,#,DENUNCIAS_MUNI_RUIDOS_v2,DENUNCIA_1,0,254,Hoja1_XYTableToPoint,DENUNCIA_1,0,255;DENUNCIA_2 "DENUNCIA_2" true true false 254 Text 0 0,First,#,DENUNCIAS_MUNI_RUIDOS_v2,DENUNCIA_2,0,254,Hoja1_XYTableToPoint,DENUNCIA_2,0,255;DESCRIPCIO "DESCRIPCIO" true true false 254 Text 0 0,First,#,DENUNCIAS_MUNI_RUIDOS_v2,DESCRIPCIO,0,254;REF_DIR "REF_DIR" true true false 254 Text 0 0,First,#,DENUNCIAS_MUNI_RUIDOS_v2,REF_DIR,0,254,Hoja1_XYTableToPoint,REF_DIR,0,255;REF_COMPLE "REF_COMPLE" true true false 254 Text 0 0,First,#,DENUNCIAS_MUNI_RUIDOS_v2,REF_COMPLE,0,254;REF_UV "REF_UV" true true false 254 Text 0 0,First,#,DENUNCIAS_MUNI_RUIDOS_v2,REF_UV,0,254,Hoja1_XYTableToPoint,REF_UV,0,255;REF_LOC "REF_LOC" true true false 254 Text 0 0,First,#,DENUNCIAS_MUNI_RUIDOS_v2,REF_LOC,0,254,Hoja1_XYTableToPoint,REF_LOC,0,255;REF_CUAD "REF_CUAD" true true false 254 Text 0 0,First,#,DENUNCIAS_MUNI_RUIDOS_v2,REF_CUAD,0,254,Hoja1_XYTableToPoint,REF_CUAD,0,255;X "X" true true false 254 Text 0 0,First,#,DENUNCIAS_MUNI_RUIDOS_v2,X,0,254,Hoja1_XYTableToPoint,X,-1,-1;Y "Y" true true false 254 Text 0 0,First,#,DENUNCIAS_MUNI_RUIDOS_v2,Y,0,254,Hoja1_XYTableToPoint,Y,-1,-1;LATITUD "LATITUD" true true false 19 Double 0 0,First,#,DENUNCIAS_MUNI_RUIDOS_v2,LATITUD,-1,-1,Hoja1_XYTableToPoint,LATITUD,0,255;LONGITUD "LONGITUD" true true false 19 Double 0 0,First,#,DENUNCIAS_MUNI_RUIDOS_v2,LONGITUD,-1,-1,Hoja1_XYTableToPoint,LONGITUD,0,255;FORMAT "FORMAT" true true false 254 Text 0 0,First,#,DENUNCIAS_MUNI_RUIDOS_v2,FORMAT,0,254,Hoja1_XYTableToPoint,FORMAT,-1,-1;DENUNCIA "DENUNCIA" true true false 254 Text 0 0,First,#,DENUNCIAS_MUNI_RUIDOS_v2,DENUNCIA,0,254;DESCRIPC_1 "DESCRIPC_1" true true false 254 Text 0 0,First,#,DENUNCIAS_MUNI_RUIDOS_v2,DESCRIPC_1,0,254;REF_COMP_1 "REF_COMP_1" true true false 254 Text 0 0,First,#,DENUNCIAS_MUNI_RUIDOS_v2,REF_COMP_1,0,254;DESCRIPCION "DESCRIPCION" true true false 255 Text 0 0,First,#,Hoja1_XYTableToPoint,DESCRIPCION,0,255;REF_COMPLETA "REF_COMPLETA" true true false 255 Text 0 0,First,#,Hoja1_XYTableToPoint,REF_COMPLETA,0,255" NO_SOURCE_INFO</Process><Process ToolSource="c:\program files\arcgis\pro\Resources\ArcToolbox\toolboxes\Data Management Tools.tbx\Project" Date="20231114" Time="075807">Project DENUNCIAS_MUNI_RUIDOS__Merge "C:\Users\dgalv\Dropbox\FONDECYT REGULAR 2023\8-SIG\Shapefiles\Denuncias\DENUNCIAS_MUNI_RUIDOS_v3.shp" PROJCS["WGS_1984_UTM_Zone_19S",GEOGCS["GCS_WGS_1984",DATUM["D_WGS_1984",SPHEROID["WGS_1984",6378137.0,298.257223563]],PRIMEM["Greenwich",0.0],UNIT["Degree",0.0174532925199433]],PROJECTION["Transverse_Mercator"],PARAMETER["False_Easting",500000.0],PARAMETER["False_Northing",10000000.0],PARAMETER["Central_Meridian",-69.0],PARAMETER["Scale_Factor",0.9996],PARAMETER["Latitude_Of_Origin",0.0],UNIT["Meter",1.0]] # PROJCS["WGS_1984_UTM_Zone_19S",GEOGCS["GCS_WGS_1984",DATUM["D_WGS_1984",SPHEROID["WGS_1984",6378137.0,298.257223563]],PRIMEM["Greenwich",0.0],UNIT["Degree",0.0174532925199433]],PROJECTION["Transverse_Mercator"],PARAMETER["False_Easting",500000.0],PARAMETER["False_Northing",10000000.0],PARAMETER["Central_Meridian",-69.0],PARAMETER["Scale_Factor",0.9996],PARAMETER["Latitude_Of_Origin",0.0],UNIT["Meter",1.0]] NO_PRESERVE_SHAPE # NO_VERTICAL</Process><Process ToolSource="c:\program files\arcgis\pro\Resources\ArcToolbox\toolboxes\Data Management Tools.tbx\Merge" Date="20231216" Time="121504">Merge DENUNCIAS_MUNI_RUIDOS_v3;Denuncias_Santiago_v2 C:\Users\dgalv\OneDrive\Diego\Documents\ArcGIS\Projects\MyProject\MyProject.gdb\DENUNCIAS_MUNI_RUIDOS__Merge "OBJECTID "OBJECTID" true true false 10 Long 0 10,First,#,DENUNCIAS_MUNI_RUIDOS_v3,OBJECTID,-1,-1;ID "ID" true true false 254 Text 0 0,First,#,DENUNCIAS_MUNI_RUIDOS_v3,ID,0,254,Denuncias_Santiago_v2,ID,-1,-1;COMUNA "COMUNA" true true false 254 Text 0 0,Join,#,DENUNCIAS_MUNI_RUIDOS_v3,COMUNA,0,254,Denuncias_Santiago_v2,COMUNA,0,255;DÍA "DÍA" true true false 254 Text 0 0,Join,#,DENUNCIAS_MUNI_RUIDOS_v3,DÍA,0,254,Denuncias_Santiago_v2,DÍA,-1,-1;MES "MES" true true false 254 Text 0 0,First,#,DENUNCIAS_MUNI_RUIDOS_v3,MES,0,254,Denuncias_Santiago_v2,MES,-1,-1;AÑO "AÑO" true true false 19 Double 0 0,First,#,DENUNCIAS_MUNI_RUIDOS_v3,AÑO,-1,-1,Denuncias_Santiago_v2,AÑO,-1,-1;DENUNCIA_1 "DENUNCIA_1" true true false 254 Text 0 0,First,#,DENUNCIAS_MUNI_RUIDOS_v3,DENUNCIA_1,0,254,Denuncias_Santiago_v2,DENUNCIA_1,0,255;DENUNCIA_2 "DENUNCIA_2" true true false 254 Text 0 0,First,#,DENUNCIAS_MUNI_RUIDOS_v3,DENUNCIA_2,0,254,Denuncias_Santiago_v2,DENUNCIA_2,0,255;DESCRIPCIO "DESCRIPCIO" true true false 254 Text 0 0,First,#,DENUNCIAS_MUNI_RUIDOS_v3,DESCRIPCIO,0,254;REF_DIR "REF_DIR" true true false 254 Text 0 0,First,#,DENUNCIAS_MUNI_RUIDOS_v3,REF_DIR,0,254;REF_COMPLE "REF_COMPLE" true true false 254 Text 0 0,First,#,DENUNCIAS_MUNI_RUIDOS_v3,REF_COMPLE,0,254;REF_UV "REF_UV" true true false 254 Text 0 0,First,#,DENUNCIAS_MUNI_RUIDOS_v3,REF_UV,0,254;REF_LOC "REF_LOC" true true false 254 Text 0 0,First,#,DENUNCIAS_MUNI_RUIDOS_v3,REF_LOC,0,254;REF_CUAD "REF_CUAD" true true false 254 Text 0 0,First,#,DENUNCIAS_MUNI_RUIDOS_v3,REF_CUAD,0,254;X "X" true true false 254 Text 0 0,First,#,DENUNCIAS_MUNI_RUIDOS_v3,X,0,254;Y "Y" true true false 254 Text 0 0,First,#,DENUNCIAS_MUNI_RUIDOS_v3,Y,0,254,Denuncias_Santiago_v2,Y,0,255;LATITUD "LATITUD" true true false 19 Double 0 0,First,#,DENUNCIAS_MUNI_RUIDOS_v3,LATITUD,-1,-1,Denuncias_Santiago_v2,LATITUD,-1,-1;LONGITUD "LONGITUD" true true false 19 Double 0 0,First,#,DENUNCIAS_MUNI_RUIDOS_v3,LONGITUD,-1,-1,Denuncias_Santiago_v2,LONGITUD,-1,-1;FORMAT "FORMAT" true true false 254 Text 0 0,First,#,DENUNCIAS_MUNI_RUIDOS_v3,FORMAT,0,254,Denuncias_Santiago_v2,FORMAT,0,255;DENUNCIA "DENUNCIA" true true false 254 Text 0 0,First,#,DENUNCIAS_MUNI_RUIDOS_v3,DENUNCIA,0,254;DESCRIPC_1 "DESCRIPC_1" true true false 254 Text 0 0,First,#,DENUNCIAS_MUNI_RUIDOS_v3,DESCRIPC_1,0,254;REF_COMP_1 "REF_COMP_1" true true false 254 Text 0 0,First,#,DENUNCIAS_MUNI_RUIDOS_v3,REF_COMP_1,0,254;DESCRIPC_2 "DESCRIPC_2" true true false 254 Text 0 0,First,#,DENUNCIAS_MUNI_RUIDOS_v3,DESCRIPC_2,0,254;REF_COMP_2 "REF_COMP_2" true true false 254 Text 0 0,First,#,DENUNCIAS_MUNI_RUIDOS_v3,REF_COMP_2,0,254;DESCRIPCION "DESCRIPCION" true true false 255 Text 0 0,First,#,Denuncias_Santiago_v2,DESCRIPCION,0,255" NO_SOURCE_INFO</Process><Process ToolSource="c:\program files\arcgis\pro\Resources\ArcToolbox\toolboxes\Conversion Tools.tbx\ExportFeatures" Date="20231216" Time="121626">ExportFeatures DENUNCIAS_MUNI_RUIDOS__Merge "C:\Users\dgalv\Dropbox\FONDECYT REGULAR 2023\8-SIG\Shapefiles\Denuncias\DENUNCIAS_MUNI_RUIDOS_v4.shp" # NOT_USE_ALIAS "OBJECTID "OBJECTID" true true false 4 Long 0 0,First,#,DENUNCIAS_MUNI_RUIDOS__Merge,OBJECTID,-1,-1;ID "ID" true true false 254 Text 0 0,First,#,DENUNCIAS_MUNI_RUIDOS__Merge,ID,0,254;COMUNA "COMUNA" true true false 254 Text 0 0,First,#,DENUNCIAS_MUNI_RUIDOS__Merge,COMUNA,0,254;DÍA "DÍA" true true false 254 Text 0 0,First,#,DENUNCIAS_MUNI_RUIDOS__Merge,DÍA,0,254;MES "MES" true true false 254 Text 0 0,First,#,DENUNCIAS_MUNI_RUIDOS__Merge,MES,0,254;AÑO "AÑO" true true false 8 Double 0 0,First,#,DENUNCIAS_MUNI_RUIDOS__Merge,AÑO,-1,-1;DENUNCIA_1 "DENUNCIA_1" true true false 254 Text 0 0,First,#,DENUNCIAS_MUNI_RUIDOS__Merge,DENUNCIA_1,0,254;DENUNCIA_2 "DENUNCIA_2" true true false 254 Text 0 0,First,#,DENUNCIAS_MUNI_RUIDOS__Merge,DENUNCIA_2,0,254;DESCRIPCIO "DESCRIPCIO" true true false 254 Text 0 0,First,#,DENUNCIAS_MUNI_RUIDOS__Merge,DESCRIPCIO,0,254;REF_DIR "REF_DIR" true true false 254 Text 0 0,First,#,DENUNCIAS_MUNI_RUIDOS__Merge,REF_DIR,0,254;REF_COMPLE "REF_COMPLE" true true false 254 Text 0 0,First,#,DENUNCIAS_MUNI_RUIDOS__Merge,REF_COMPLE,0,254;REF_UV "REF_UV" true true false 254 Text 0 0,First,#,DENUNCIAS_MUNI_RUIDOS__Merge,REF_UV,0,254;REF_LOC "REF_LOC" true true false 254 Text 0 0,First,#,DENUNCIAS_MUNI_RUIDOS__Merge,REF_LOC,0,254;REF_CUAD "REF_CUAD" true true false 254 Text 0 0,First,#,DENUNCIAS_MUNI_RUIDOS__Merge,REF_CUAD,0,254;X "X" true true false 254 Text 0 0,First,#,DENUNCIAS_MUNI_RUIDOS__Merge,X,0,254;Y "Y" true true false 254 Text 0 0,First,#,DENUNCIAS_MUNI_RUIDOS__Merge,Y,0,254;LATITUD "LATITUD" true true false 8 Double 0 0,First,#,DENUNCIAS_MUNI_RUIDOS__Merge,LATITUD,-1,-1;LONGITUD "LONGITUD" true true false 8 Double 0 0,First,#,DENUNCIAS_MUNI_RUIDOS__Merge,LONGITUD,-1,-1;FORMAT "FORMAT" true true false 254 Text 0 0,First,#,DENUNCIAS_MUNI_RUIDOS__Merge,FORMAT,0,254;DENUNCIA "DENUNCIA" true true false 254 Text 0 0,First,#,DENUNCIAS_MUNI_RUIDOS__Merge,DENUNCIA,0,254;DESCRIPC_1 "DESCRIPC_1" true true false 254 Text 0 0,First,#,DENUNCIAS_MUNI_RUIDOS__Merge,DESCRIPC_1,0,254;REF_COMP_1 "REF_COMP_1" true true false 254 Text 0 0,First,#,DENUNCIAS_MUNI_RUIDOS__Merge,REF_COMP_1,0,254;DESCRIPC_2 "DESCRIPC_2" true true false 254 Text 0 0,First,#,DENUNCIAS_MUNI_RUIDOS__Merge,DESCRIPC_2,0,254;REF_COMP_2 "REF_COMP_2" true true false 254 Text 0 0,First,#,DENUNCIAS_MUNI_RUIDOS__Merge,REF_COMP_2,0,254;DESCRIPCION "DESCRIPCION" true true false 255 Text 0 0,First,#,DENUNCIAS_MUNI_RUIDOS__Merge,DESCRIPCION,0,255" #</Process><Process ToolSource="c:\program files\arcgis\pro\Resources\ArcToolbox\toolboxes\Data Management Tools.tbx\Merge" Date="20240414" Time="210757">Merge DENUNCIAS_MUNI_RUIDOS_v4;Denuncias_2021;Denuncias_2022;Denuncias_2023;Denuncias_2020 C:\Users\dgalv\OneDrive\Diego\Documents\ArcGIS\Projects\MyProject\MyProject.gdb\DENUNCIAS_MUNI_RUIDOS__Merge "OBJECTID "OBJECTID" true true false 10 Long 0 10,First,#,DENUNCIAS_MUNI_RUIDOS_v4,OBJECTID,-1,-1;ID "ID" true true false 254 Text 0 0,First,#,DENUNCIAS_MUNI_RUIDOS_v4,ID,0,254,Denuncias_2021,ID,-1,-1,Denuncias_2022,ID,-1,-1,Denuncias_2023,ID,-1,-1,Denuncias_2020,ID,-1,-1;COMUNA "COMUNA" true true false 254 Text 0 0,First,#,DENUNCIAS_MUNI_RUIDOS_v4,COMUNA,0,254,Denuncias_2021,COMUNA,0,254,Denuncias_2022,COMUNA,0,254,Denuncias_2023,COMUNA,0,254,Denuncias_2020,COMUNA,0,254;DÍA "DÍA" true true false 254 Text 0 0,First,#,DENUNCIAS_MUNI_RUIDOS_v4,DÍA,0,254,Denuncias_2021,DÍA,0,254,Denuncias_2022,DÍA,0,254,Denuncias_2023,DÍA,0,254,Denuncias_2020,DÍA,0,254;MES "MES" true true false 254 Text 0 0,First,#,DENUNCIAS_MUNI_RUIDOS_v4,MES,0,254,Denuncias_2021,MES,0,254,Denuncias_2022,MES,0,254,Denuncias_2023,MES,0,254,Denuncias_2020,MES,0,254;AÑO "AÑO" true true false 19 Double 0 0,First,#,DENUNCIAS_MUNI_RUIDOS_v4,AÑO,-1,-1,Denuncias_2021,AÑO,-1,-1,Denuncias_2022,AÑO,-1,-1,Denuncias_2023,AÑO,-1,-1,Denuncias_2020,AÑO,-1,-1;DENUNCIA_1 "DENUNCIA_1" true true false 254 Text 0 0,First,#,DENUNCIAS_MUNI_RUIDOS_v4,DENUNCIA_1,0,254,Denuncias_2021,DENUNCIA_1,0,254,Denuncias_2022,DENUNCIA_1,0,254,Denuncias_2023,DENUNCIA_1,0,254,Denuncias_2020,DENUNCIA_1,0,254;DENUNCIA_2 "DENUNCIA_2" true true false 254 Text 0 0,First,#,DENUNCIAS_MUNI_RUIDOS_v4,DENUNCIA_2,0,254,Denuncias_2021,DENUNCIA_2,0,254,Denuncias_2022,DENUNCIA_2,0,254,Denuncias_2023,DENUNCIA_2,0,254,Denuncias_2020,DENUNCIA_2,0,254;DESCRIPCIO "DESCRIPCIO" true true false 254 Text 0 0,First,#,DENUNCIAS_MUNI_RUIDOS_v4,DESCRIPCIO,0,254,Denuncias_2021,DESCRIPCIO,0,254,Denuncias_2022,DESCRIPCIO,0,254,Denuncias_2023,DESCRIPCIO,0,254,Denuncias_2020,DESCRIPCIO,0,254;REF_DIR "REF_DIR" true true false 254 Text 0 0,First,#,DENUNCIAS_MUNI_RUIDOS_v4,REF_DIR,0,254,Denuncias_2021,REF_DIR,0,254,Denuncias_2022,REF_DIR,0,254,Denuncias_2023,REF_DIR,0,254,Denuncias_2020,REF_DIR,0,254;REF_COMPLE "REF_COMPLE" true true false 254 Text 0 0,First,#,DENUNCIAS_MUNI_RUIDOS_v4,REF_COMPLE,0,254,Denuncias_2021,REF_COMPLE,0,254,Denuncias_2022,REF_COMPLE,0,254,Denuncias_2023,REF_COMPLE,0,254,Denuncias_2020,REF_COMPLE,0,254;REF_UV "REF_UV" true true false 254 Text 0 0,First,#,DENUNCIAS_MUNI_RUIDOS_v4,REF_UV,0,254,Denuncias_2021,REF_UV,0,254,Denuncias_2022,REF_UV,0,254,Denuncias_2023,REF_UV,0,254,Denuncias_2020,REF_UV,0,254;REF_LOC "REF_LOC" true true false 254 Text 0 0,First,#,DENUNCIAS_MUNI_RUIDOS_v4,REF_LOC,0,254,Denuncias_2021,REF_LOC,0,254,Denuncias_2022,REF_LOC,0,254,Denuncias_2023,REF_LOC,0,254,Denuncias_2020,REF_LOC,0,254;REF_CUAD "REF_CUAD" true true false 254 Text 0 0,First,#,DENUNCIAS_MUNI_RUIDOS_v4,REF_CUAD,0,254,Denuncias_2021,REF_CUAD,0,254,Denuncias_2022,REF_CUAD,0,254,Denuncias_2023,REF_CUAD,0,254,Denuncias_2020,REF_CUAD,0,254;X "X" true true false 254 Text 0 0,First,#,DENUNCIAS_MUNI_RUIDOS_v4,X,0,254,Denuncias_2021,X,0,254,Denuncias_2022,X,0,254,Denuncias_2023,X,0,254,Denuncias_2020,X,0,254;Y "Y" true true false 254 Text 0 0,First,#,DENUNCIAS_MUNI_RUIDOS_v4,Y,0,254,Denuncias_2021,Y,0,254,Denuncias_2022,Y,0,254,Denuncias_2023,Y,0,254,Denuncias_2020,Y,0,254;LATITUD "LATITUD" true true false 19 Double 0 0,First,#,DENUNCIAS_MUNI_RUIDOS_v4,LATITUD,-1,-1,Denuncias_2021,LATITUD,-1,-1,Denuncias_2022,LATITUD,-1,-1,Denuncias_2023,LATITUD,-1,-1,Denuncias_2020,LATITUD,-1,-1;LONGITUD "LONGITUD" true true false 19 Double 0 0,First,#,DENUNCIAS_MUNI_RUIDOS_v4,LONGITUD,-1,-1,Denuncias_2021,LONGITUD,-1,-1,Denuncias_2022,LONGITUD,-1,-1,Denuncias_2023,LONGITUD,-1,-1,Denuncias_2020,LONGITUD,-1,-1;FORMAT "FORMAT" true true false 254 Text 0 0,First,#,DENUNCIAS_MUNI_RUIDOS_v4,FORMAT,0,254,Denuncias_2021,FORMAT,0,254,Denuncias_2022,FORMAT,0,254,Denuncias_2023,FORMAT,0,254,Denuncias_2020,FORMAT,0,254;DENUNCIA "DENUNCIA" true true false 254 Text 0 0,First,#,DENUNCIAS_MUNI_RUIDOS_v4,DENUNCIA,0,254;DESCRIPC_1 "DESCRIPC_1" true true false 254 Text 0 0,First,#,DENUNCIAS_MUNI_RUIDOS_v4,DESCRIPC_1,0,254;REF_COMP_1 "REF_COMP_1" true true false 254 Text 0 0,First,#,DENUNCIAS_MUNI_RUIDOS_v4,REF_COMP_1,0,254;DESCRIPC_2 "DESCRIPC_2" true true false 254 Text 0 0,First,#,DENUNCIAS_MUNI_RUIDOS_v4,DESCRIPC_2,0,254;REF_COMP_2 "REF_COMP_2" true true false 254 Text 0 0,First,#,DENUNCIAS_MUNI_RUIDOS_v4,REF_COMP_2,0,254;DESCRIPC_3 "DESCRIPC_3" true true false 254 Text 0 0,First,#,DENUNCIAS_MUNI_RUIDOS_v4,DESCRIPC_3,0,254;REF_FUENTE "REF_FUENTE" true true false 254 Text 0 0,First,#,Denuncias_2021,REF_FUENTE,0,254,Denuncias_2022,REF_FUENTE,0,254,Denuncias_2023,REF_FUENTE,0,254,Denuncias_2020,REF_FUENTE,0,254;FUENTE_PRI "FUENTE_PRI" true true false 254 Text 0 0,First,#,Denuncias_2021,FUENTE_PRI,0,254,Denuncias_2022,FUENTE_PRI,0,254,Denuncias_2023,FUENTE_PRI,0,254,Denuncias_2020,FUENTE_PRI,0,254;FUENTE_SEC "FUENTE_SEC" true true false 254 Text 0 0,First,#,Denuncias_2021,FUENTE_SEC,0,254,Denuncias_2022,FUENTE_SEC,0,254,Denuncias_2023,FUENTE_SEC,0,254,Denuncias_2020,FUENTE_SEC,0,254;LAT "LAT" true true false 19 Double 0 0,First,#,Denuncias_2021,LAT,-1,-1,Denuncias_2022,LAT,-1,-1,Denuncias_2023,LAT,-1,-1,Denuncias_2020,LAT,-1,-1;LONG "LONG" true true false 19 Double 0 0,First,#,Denuncias_2021,LONG,-1,-1,Denuncias_2022,LONG,-1,-1,Denuncias_2023,LONG,-1,-1,Denuncias_2020,LONG,-1,-1" NO_SOURCE_INFO</Process><Process ToolSource="c:\program files\arcgis\pro\Resources\ArcToolbox\toolboxes\Conversion Tools.tbx\ExportFeatures" Date="20240414" Time="210832">ExportFeatures DENUNCIAS_MUNI_RUIDOS__Merge "C:\Users\dgalv\Dropbox\FONDECYT REGULAR 2023\8-SIG\Shapefiles\Denuncias\DENUNCIAS_MUNI_RUIDOS_v5.shp" # NOT_USE_ALIAS "OBJECTID "OBJECTID" true true false 4 Long 0 0,First,#,DENUNCIAS_MUNI_RUIDOS__Merge,OBJECTID,-1,-1;ID "ID" true true false 254 Text 0 0,First,#,DENUNCIAS_MUNI_RUIDOS__Merge,ID,0,254;COMUNA "COMUNA" true true false 254 Text 0 0,First,#,DENUNCIAS_MUNI_RUIDOS__Merge,COMUNA,0,254;DÍA "DÍA" true true false 254 Text 0 0,First,#,DENUNCIAS_MUNI_RUIDOS__Merge,DÍA,0,254;MES "MES" true true false 254 Text 0 0,First,#,DENUNCIAS_MUNI_RUIDOS__Merge,MES,0,254;AÑO "AÑO" true true false 8 Double 0 0,First,#,DENUNCIAS_MUNI_RUIDOS__Merge,AÑO,-1,-1;DENUNCIA_1 "DENUNCIA_1" true true false 254 Text 0 0,First,#,DENUNCIAS_MUNI_RUIDOS__Merge,DENUNCIA_1,0,254;DENUNCIA_2 "DENUNCIA_2" true true false 254 Text 0 0,First,#,DENUNCIAS_MUNI_RUIDOS__Merge,DENUNCIA_2,0,254;DESCRIPCIO "DESCRIPCIO" true true false 254 Text 0 0,First,#,DENUNCIAS_MUNI_RUIDOS__Merge,DESCRIPCIO,0,254;REF_DIR "REF_DIR" true true false 254 Text 0 0,First,#,DENUNCIAS_MUNI_RUIDOS__Merge,REF_DIR,0,254;REF_COMPLE "REF_COMPLE" true true false 254 Text 0 0,First,#,DENUNCIAS_MUNI_RUIDOS__Merge,REF_COMPLE,0,254;REF_UV "REF_UV" true true false 254 Text 0 0,First,#,DENUNCIAS_MUNI_RUIDOS__Merge,REF_UV,0,254;REF_LOC "REF_LOC" true true false 254 Text 0 0,First,#,DENUNCIAS_MUNI_RUIDOS__Merge,REF_LOC,0,254;REF_CUAD "REF_CUAD" true true false 254 Text 0 0,First,#,DENUNCIAS_MUNI_RUIDOS__Merge,REF_CUAD,0,254;X "X" true true false 254 Text 0 0,First,#,DENUNCIAS_MUNI_RUIDOS__Merge,X,0,254;Y "Y" true true false 254 Text 0 0,First,#,DENUNCIAS_MUNI_RUIDOS__Merge,Y,0,254;LATITUD "LATITUD" true true false 8 Double 0 0,First,#,DENUNCIAS_MUNI_RUIDOS__Merge,LATITUD,-1,-1;LONGITUD "LONGITUD" true true false 8 Double 0 0,First,#,DENUNCIAS_MUNI_RUIDOS__Merge,LONGITUD,-1,-1;FORMAT "FORMAT" true true false 254 Text 0 0,First,#,DENUNCIAS_MUNI_RUIDOS__Merge,FORMAT,0,254;DENUNCIA "DENUNCIA" true true false 254 Text 0 0,First,#,DENUNCIAS_MUNI_RUIDOS__Merge,DENUNCIA,0,254;DESCRIPC_1 "DESCRIPC_1" true true false 254 Text 0 0,First,#,DENUNCIAS_MUNI_RUIDOS__Merge,DESCRIPC_1,0,254;REF_COMP_1 "REF_COMP_1" true true false 254 Text 0 0,First,#,DENUNCIAS_MUNI_RUIDOS__Merge,REF_COMP_1,0,254;DESCRIPC_2 "DESCRIPC_2" true true false 254 Text 0 0,First,#,DENUNCIAS_MUNI_RUIDOS__Merge,DESCRIPC_2,0,254;REF_COMP_2 "REF_COMP_2" true true false 254 Text 0 0,First,#,DENUNCIAS_MUNI_RUIDOS__Merge,REF_COMP_2,0,254;DESCRIPC_3 "DESCRIPC_3" true true false 254 Text 0 0,First,#,DENUNCIAS_MUNI_RUIDOS__Merge,DESCRIPC_3,0,254;REF_FUENTE "REF_FUENTE" true true false 254 Text 0 0,First,#,DENUNCIAS_MUNI_RUIDOS__Merge,REF_FUENTE,0,254;FUENTE_PRI "FUENTE_PRI" true true false 254 Text 0 0,First,#,DENUNCIAS_MUNI_RUIDOS__Merge,FUENTE_PRI,0,254;FUENTE_SEC "FUENTE_SEC" true true false 254 Text 0 0,First,#,DENUNCIAS_MUNI_RUIDOS__Merge,FUENTE_SEC,0,254;LAT "LAT" true true false 8 Double 0 0,First,#,DENUNCIAS_MUNI_RUIDOS__Merge,LAT,-1,-1;LONG "LONG" true true false 8 Double 0 0,First,#,DENUNCIAS_MUNI_RUIDOS__Merge,LONG,-1,-1" #</Process></lineage><itemProps><itemName Sync="TRUE">DENUNCIAS_MUNI_RUIDOS_v5</itemName><imsContentType Sync="TRUE">002</imsContentType><itemSize Sync="TRUE">0.000</itemSize><itemLocation><linkage Sync="TRUE">file://\\DIEGO\C$\Users\dgalv\Dropbox\FONDECYT REGULAR 2023\8-SIG\Shapefiles\Denuncias\DENUNCIAS_MUNI_RUIDOS_v5.shp</linkage><protocol Sync="TRUE">Local Area Network</protocol></itemLocation></itemProps><coordRef><type Sync="TRUE">Projected</type><geogcsn Sync="TRUE">GCS_WGS_1984</geogcsn><csUnits Sync="TRUE">Linear Unit: Meter (1.000000)</csUnits><peXml Sync="TRUE">&lt;ProjectedCoordinateSystem xsi:type='typens:ProjectedCoordinateSystem' xmlns:xsi='http://www.w3.org/2001/XMLSchema-instance' xmlns:xs='http://www.w3.org/2001/XMLSchema' xmlns:typens='http://www.esri.com/schemas/ArcGIS/3.1.0'&gt;&lt;WKT&gt;PROJCS[&amp;quot;WGS_1984_UTM_Zone_19S&amp;quot;,GEOGCS[&amp;quot;GCS_WGS_1984&amp;quot;,DATUM[&amp;quot;D_WGS_1984&amp;quot;,SPHEROID[&amp;quot;WGS_1984&amp;quot;,6378137.0,298.257223563]],PRIMEM[&amp;quot;Greenwich&amp;quot;,0.0],UNIT[&amp;quot;Degree&amp;quot;,0.0174532925199433]],PROJECTION[&amp;quot;Transverse_Mercator&amp;quot;],PARAMETER[&amp;quot;False_Easting&amp;quot;,500000.0],PARAMETER[&amp;quot;False_Northing&amp;quot;,10000000.0],PARAMETER[&amp;quot;Central_Meridian&amp;quot;,-69.0],PARAMETER[&amp;quot;Scale_Factor&amp;quot;,0.9996],PARAMETER[&amp;quot;Latitude_Of_Origin&amp;quot;,0.0],UNIT[&amp;quot;Meter&amp;quot;,1.0],AUTHORITY[&amp;quot;EPSG&amp;quot;,32719]]&lt;/WKT&gt;&lt;XOrigin&gt;-5120900&lt;/XOrigin&gt;&lt;YOrigin&gt;1900&lt;/YOrigin&gt;&lt;XYScale&gt;450445547.3910538&lt;/XYScale&gt;&lt;ZOrigin&gt;-100000&lt;/ZOrigin&gt;&lt;ZScale&gt;10000&lt;/ZScale&gt;&lt;MOrigin&gt;-100000&lt;/MOrigin&gt;&lt;MScale&gt;10000&lt;/MScale&gt;&lt;XYTolerance&gt;0.001&lt;/XYTolerance&gt;&lt;ZTolerance&gt;0.001&lt;/ZTolerance&gt;&lt;MTolerance&gt;0.001&lt;/MTolerance&gt;&lt;HighPrecision&gt;true&lt;/HighPrecision&gt;&lt;WKID&gt;32719&lt;/WKID&gt;&lt;LatestWKID&gt;32719&lt;/LatestWKID&gt;&lt;/ProjectedCoordinateSystem&gt;</peXml><projcsn Sync="TRUE">WGS_1984_UTM_Zone_19S</projcsn></coordRef></DataProperties><SyncDate>20240414</SyncDate><SyncTime>21083100</SyncTime><ModDate>20240414</ModDate><ModTime>21083100</ModTime></Esri><dataIdInfo><envirDesc Sync="TRUE">Microsoft Windows 10 Version 10.0 (Build 22631) ; Esri ArcGIS 13.1.0.41833</envirDesc><dataLang><languageCode value="spa" Sync="TRUE"></languageCode><countryCode value="CHL" Sync="TRUE"></countryCode></dataLang><idCitation><resTitle Sync="TRUE">DENUNCIAS_MUNI_RUIDOS_v5</resTitle><presForm><PresFormCd value="005" Sync="TRUE"></PresFormCd></presForm></idCitation><spatRpType><SpatRepTypCd value="001" Sync="TRUE"></SpatRepTypCd></spatRpType></dataIdInfo><mdLang><languageCode value="spa" Sync="TRUE"></languageCode><countryCode value="CHL" Sync="TRUE"></countryCode></mdLang><distInfo><distFormat><formatName Sync="TRUE">Shapefile</formatName></distFormat><distTranOps><transSize Sync="TRUE">0.000</transSize></distTranOps></distInfo><mdHrLv><ScopeCd value="005" Sync="TRUE"></ScopeCd></mdHrLv><mdHrLvName Sync="TRUE">dataset</mdHrLvName><refSysInfo><RefSystem><refSysID><identCode code="32719" Sync="TRUE"></identCode><idCodeSpace Sync="TRUE">EPSG</idCodeSpace><idVersion Sync="TRUE">9.8.8(3.0.1)</idVersion></refSysID></RefSystem></refSysInfo><spatRepInfo><VectSpatRep><geometObjs Name="DENUNCIAS_MUNI_RUIDOS_v5"><geoObjTyp><GeoObjTypCd value="004" Sync="TRUE"></GeoObjTypCd></geoObjTyp><geoObjCnt Sync="TRUE">0</geoObjCnt></geometObjs><topLvl><TopoLevCd value="001" Sync="TRUE"></TopoLevCd></topLvl></VectSpatRep></spatRepInfo><spdoinfo><ptvctinf><esriterm Name="DENUNCIAS_MUNI_RUIDOS_v5"><efeatyp Sync="TRUE">Simple</efeatyp><efeageom code="1" Sync="TRUE"></efeageom><esritopo Sync="TRUE">FALSE</esritopo><efeacnt Sync="TRUE">0</efeacnt><spindex Sync="TRUE">FALSE</spindex><linrefer Sync="TRUE">FALSE</linrefer></esriterm></ptvctinf></spdoinfo><eainfo><detailed Name="DENUNCIAS_MUNI_RUIDOS_v5"><enttyp><enttypl Sync="TRUE">DENUNCIAS_MUNI_RUIDOS_v5</enttypl><enttypt Sync="TRUE">Feature Class</enttypt><enttypc Sync="TRUE">0</enttypc></enttyp><attr><attrlabl Sync="TRUE">FID</attrlabl><attalias Sync="TRUE">FID</attalias><attrtype Sync="TRUE">OID</attrtype><attwidth Sync="TRUE">4</attwidth><atprecis Sync="TRUE">0</atprecis><attscale Sync="TRUE">0</attscale><attrdef Sync="TRUE">Internal feature number.</attrdef><attrdefs Sync="TRUE">Esri</attrdefs><attrdomv><udom Sync="TRUE">Sequential unique whole numbers that are automatically generated.</udom></attrdomv></attr><attr><attrlabl Sync="TRUE">OBJECTID</attrlabl><attalias Sync="TRUE">OBJECTID</attalias><attrtype Sync="TRUE">Integer</attrtype><attwidth Sync="TRUE">10</attwidth><atprecis Sync="TRUE">10</atprecis><attscale Sync="TRUE">0</attscale><attrdef Sync="TRUE">Internal feature number.</attrdef><attrdefs Sync="TRUE">Esri</attrdefs><attrdomv><udom Sync="TRUE">Sequential unique whole numbers that are automatically generated.</udom></attrdomv></attr><attr><attrlabl Sync="TRUE">Shape</attrlabl><attalias Sync="TRUE">Shape</attalias><attrtype Sync="TRUE">Geometry</attrtype><attwidth Sync="TRUE">0</attwidth><atprecis Sync="TRUE">0</atprecis><attscale Sync="TRUE">0</attscale><attrdef Sync="TRUE">Feature geometry.</attrdef><attrdefs Sync="TRUE">Esri</attrdefs><attrdomv><udom Sync="TRUE">Coordinates defining the features.</udom></attrdomv></attr><attr><attrlabl Sync="TRUE">ID</attrlabl><attalias Sync="TRUE">ID</attalias><attrtype Sync="TRUE">String</attrtype><attwidth Sync="TRUE">254</attwidth><atprecis Sync="TRUE">0</atprecis><attscale Sync="TRUE">0</attscale></attr><attr><attrlabl Sync="TRUE">COMUNA</attrlabl><attalias Sync="TRUE">COMUNA</attalias><attrtype Sync="TRUE">String</attrtype><attwidth Sync="TRUE">254</attwidth><atprecis Sync="TRUE">0</atprecis><attscale Sync="TRUE">0</attscale></attr><attr><attrlabl Sync="TRUE">DÍA</attrlabl><attalias Sync="TRUE">DÍA</attalias><attrtype Sync="TRUE">String</attrtype><attwidth Sync="TRUE">254</attwidth><atprecis Sync="TRUE">0</atprecis><attscale Sync="TRUE">0</attscale></attr><attr><attrlabl Sync="TRUE">MES</attrlabl><attalias Sync="TRUE">MES</attalias><attrtype Sync="TRUE">String</attrtype><attwidth Sync="TRUE">254</attwidth><atprecis Sync="TRUE">0</atprecis><attscale Sync="TRUE">0</attscale></attr><attr><attrlabl Sync="TRUE">AÑO</attrlabl><attalias Sync="TRUE">AÑO</attalias><attrtype Sync="TRUE">Double</attrtype><attwidth Sync="TRUE">19</attwidth><atprecis Sync="TRUE">0</atprecis><attscale Sync="TRUE">0</attscale></attr><attr><attrlabl Sync="TRUE">DENUNCIA_1</attrlabl><attalias Sync="TRUE">DENUNCIA_1</attalias><attrtype Sync="TRUE">String</attrtype><attwidth Sync="TRUE">254</attwidth><atprecis Sync="TRUE">0</atprecis><attscale Sync="TRUE">0</attscale></attr><attr><attrlabl Sync="TRUE">DENUNCIA_2</attrlabl><attalias Sync="TRUE">DENUNCIA_2</attalias><attrtype Sync="TRUE">String</attrtype><attwidth Sync="TRUE">254</attwidth><atprecis Sync="TRUE">0</atprecis><attscale Sync="TRUE">0</attscale></attr><attr><attrlabl Sync="TRUE">DESCRIPCIO</attrlabl><attalias Sync="TRUE">DESCRIPCIO</attalias><attrtype Sync="TRUE">String</attrtype><attwidth Sync="TRUE">254</attwidth><atprecis Sync="TRUE">0</atprecis><attscale Sync="TRUE">0</attscale></attr><attr><attrlabl Sync="TRUE">REF_DIR</attrlabl><attalias Sync="TRUE">REF_DIR</attalias><attrtype Sync="TRUE">String</attrtype><attwidth Sync="TRUE">254</attwidth><atprecis Sync="TRUE">0</atprecis><attscale Sync="TRUE">0</attscale></attr><attr><attrlabl Sync="TRUE">REF_COMPLE</attrlabl><attalias Sync="TRUE">REF_COMPLE</attalias><attrtype Sync="TRUE">String</attrtype><attwidth Sync="TRUE">254</attwidth><atprecis Sync="TRUE">0</atprecis><attscale Sync="TRUE">0</attscale></attr><attr><attrlabl Sync="TRUE">REF_UV</attrlabl><attalias Sync="TRUE">REF_UV</attalias><attrtype Sync="TRUE">String</attrtype><attwidth Sync="TRUE">254</attwidth><atprecis Sync="TRUE">0</atprecis><attscale Sync="TRUE">0</attscale></attr><attr><attrlabl Sync="TRUE">REF_LOC</attrlabl><attalias Sync="TRUE">REF_LOC</attalias><attrtype Sync="TRUE">String</attrtype><attwidth Sync="TRUE">254</attwidth><atprecis Sync="TRUE">0</atprecis><attscale Sync="TRUE">0</attscale></attr><attr><attrlabl Sync="TRUE">REF_CUAD</attrlabl><attalias Sync="TRUE">REF_CUAD</attalias><attrtype Sync="TRUE">String</attrtype><attwidth Sync="TRUE">254</attwidth><atprecis Sync="TRUE">0</atprecis><attscale Sync="TRUE">0</attscale></attr><attr><attrlabl Sync="TRUE">X</attrlabl><attalias Sync="TRUE">X</attalias><attrtype Sync="TRUE">String</attrtype><attwidth Sync="TRUE">254</attwidth><atprecis Sync="TRUE">0</atprecis><attscale Sync="TRUE">0</attscale></attr><attr><attrlabl Sync="TRUE">Y</attrlabl><attalias Sync="TRUE">Y</attalias><attrtype Sync="TRUE">String</attrtype><attwidth Sync="TRUE">254</attwidth><atprecis Sync="TRUE">0</atprecis><attscale Sync="TRUE">0</attscale></attr><attr><attrlabl Sync="TRUE">LATITUD</attrlabl><attalias Sync="TRUE">LATITUD</attalias><attrtype Sync="TRUE">Double</attrtype><attwidth Sync="TRUE">19</attwidth><atprecis Sync="TRUE">0</atprecis><attscale Sync="TRUE">0</attscale></attr><attr><attrlabl Sync="TRUE">LONGITUD</attrlabl><attalias Sync="TRUE">LONGITUD</attalias><attrtype Sync="TRUE">Double</attrtype><attwidth Sync="TRUE">19</attwidth><atprecis Sync="TRUE">0</atprecis><attscale Sync="TRUE">0</attscale></attr><attr><attrlabl Sync="TRUE">FORMAT</attrlabl><attalias Sync="TRUE">FORMAT</attalias><attrtype Sync="TRUE">String</attrtype><attwidth Sync="TRUE">254</attwidth><atprecis Sync="TRUE">0</atprecis><attscale Sync="TRUE">0</attscale></attr><attr><attrlabl Sync="TRUE">DENUNCIA</attrlabl><attalias Sync="TRUE">DENUNCIA</attalias><attrtype Sync="TRUE">String</attrtype><attwidth Sync="TRUE">254</attwidth><atprecis Sync="TRUE">0</atprecis><attscale Sync="TRUE">0</attscale></attr><attr><attrlabl Sync="TRUE">DESCRIPC_1</attrlabl><attalias Sync="TRUE">DESCRIPC_1</attalias><attrtype Sync="TRUE">String</attrtype><attwidth Sync="TRUE">254</attwidth><atprecis Sync="TRUE">0</atprecis><attscale Sync="TRUE">0</attscale></attr><attr><attrlabl Sync="TRUE">REF_COMP_1</attrlabl><attalias Sync="TRUE">REF_COMP_1</attalias><attrtype Sync="TRUE">String</attrtype><attwidth Sync="TRUE">254</attwidth><atprecis Sync="TRUE">0</atprecis><attscale Sync="TRUE">0</attscale></attr><attr><attrlabl Sync="TRUE">DESCRIPC_2</attrlabl><attalias Sync="TRUE">DESCRIPC_2</attalias><attrtype Sync="TRUE">String</attrtype><attwidth Sync="TRUE">254</attwidth><atprecis Sync="TRUE">0</atprecis><attscale Sync="TRUE">0</attscale></attr><attr><attrlabl Sync="TRUE">REF_COMP_2</attrlabl><attalias Sync="TRUE">REF_COMP_2</attalias><attrtype Sync="TRUE">String</attrtype><attwidth Sync="TRUE">254</attwidth><atprecis Sync="TRUE">0</atprecis><attscale Sync="TRUE">0</attscale></attr><attr><attrlabl Sync="TRUE">DESCRIPC_3</attrlabl><attalias Sync="TRUE">DESCRIPC_3</attalias><attrtype Sync="TRUE">String</attrtype><attwidth Sync="TRUE">254</attwidth><atprecis Sync="TRUE">0</atprecis><attscale Sync="TRUE">0</attscale></attr><attr><attrlabl Sync="TRUE">REF_FUENTE</attrlabl><attalias Sync="TRUE">REF_FUENTE</attalias><attrtype Sync="TRUE">String</attrtype><attwidth Sync="TRUE">254</attwidth><atprecis Sync="TRUE">0</atprecis><attscale Sync="TRUE">0</attscale></attr><attr><attrlabl Sync="TRUE">FUENTE_PRI</attrlabl><attalias Sync="TRUE">FUENTE_PRI</attalias><attrtype Sync="TRUE">String</attrtype><attwidth Sync="TRUE">254</attwidth><atprecis Sync="TRUE">0</atprecis><attscale Sync="TRUE">0</attscale></attr><attr><attrlabl Sync="TRUE">FUENTE_SEC</attrlabl><attalias Sync="TRUE">FUENTE_SEC</attalias><attrtype Sync="TRUE">String</attrtype><attwidth Sync="TRUE">254</attwidth><atprecis Sync="TRUE">0</atprecis><attscale Sync="TRUE">0</attscale></attr><attr><attrlabl Sync="TRUE">LAT</attrlabl><attalias Sync="TRUE">LAT</attalias><attrtype Sync="TRUE">Double</attrtype><attwidth Sync="TRUE">19</attwidth><atprecis Sync="TRUE">0</atprecis><attscale Sync="TRUE">0</attscale></attr><attr><attrlabl Sync="TRUE">LONG</attrlabl><attalias Sync="TRUE">LONG</attalias><attrtype Sync="TRUE">Double</attrtype><attwidth Sync="TRUE">19</attwidth><atprecis Sync="TRUE">0</atprecis><attscale Sync="TRUE">0</attscale></attr></detailed></eainfo><mdDateSt Sync="TRUE">20240414</mdDateSt></metadata>
